{
    "root_group": {
        "path": "",
        "id": "d41d8cd98f00b204e9800998ecf8427e",
        "groups": {},
        "checks": {
                "vote accepted (202)": {
                    "path": "::vote accepted (202)",
                    "id": "93b2fba87e48d5c8fd8e95d06c4e9396",
                    "passes": 0,
                    "fails": 1839136,
                    "name": "vote accepted (202)"
                }
            },
        "name": ""
    },
    "metrics": {
        "data_sent": {
            "count": 355201449,
            "rate": 1970023.5790672228
        },
        "iteration_duration": {
            "avg": 416.81998309957146,
            "min": 0.41775,
            "med": 48.414771,
            "max": 54602.079042,
            "p(90)": 1316.7122878000002,
            "p(95)": 1524.2049101999983
        },
        "http_req_waiting": {
            "min": 0.379,
            "med": 48.222,
            "max": 53064.447,
            "p(90)": 1303.895,
            "p(95)": 1491.7129999999997,
            "avg": 409.9074287144209
        },
        "checks": {
            "passes": 0,
            "fails": 1839136,
            "value": 0
        },
        "http_req_failed": {
            "passes": 2,
            "fails": 1839269,
            "thresholds": {
                "rate<0.05": false
            },
            "value": 0.000001087387339875418
        },
        "http_req_sending": {
            "min": 0.001,
            "med": 0.004,
            "max": 1371.795,
            "p(90)": 0.024,
            "p(95)": 0.048,
            "avg": 0.11424716640440143
        },
        "http_req_duration{expected_response:true}": {
            "avg": 410.1934598892196,
            "min": 0.388,
            "med": 48.254,
            "max": 53069.685,
            "p(90)": 1304.66,
            "p(95)": 1492.8307999999997
        },
        "http_req_receiving": {
            "max": 1422.247,
            "p(90)": 0.127,
            "p(95)": 0.423,
            "avg": 0.17135789560065187,
            "min": 0.002,
            "med": 0.008
        },
        "iterations": {
            "count": 1839090,
            "rate": 10199.988412847772
        },
        "vus_max": {
            "value": 10000,
            "min": 9803,
            "max": 10000
        },
        "http_req_duration": {
            "min": 0.388,
            "med": 48.254,
            "max": 53069.685,
            "p(90)": 1304.66,
            "p(95)": 1492.8304999999998,
            "avg": 410.1930337764174,
            "thresholds": {
                "p(95)<2000": false
            }
        },
        "data_received": {
            "count": 137949279,
            "rate": 765096.3505650645
        },
        "http_reqs": {
            "rate": 10200.992277749829,
            "count": 1839271
        },
        "vus": {
            "value": 10,
            "min": 0,
            "max": 10000
        },
        "http_req_tls_handshaking": {
            "avg": 0,
            "min": 0,
            "med": 0,
            "max": 0,
            "p(90)": 0,
            "p(95)": 0
        },
        "http_req_connecting": {
            "p(95)": 0,
            "avg": 0.22013461202835227,
            "min": 0,
            "med": 0,
            "max": 2038.125,
            "p(90)": 0
        },
        "http_req_blocked": {
            "avg": 0.22657586239217173,
            "min": 0,
            "med": 0.001,
            "max": 2058.161,
            "p(90)": 0.004,
            "p(95)": 0.007
        }
    },
    "setup_data": {
        "pollID": 1,
        "optionID": 1
    }
}